11 DE SEPTIEMBRE DE 1888,Barroso-Contartese-Diaz,Calle,AP,PFA,SAME
12 DE OCTUBRE,Caldirola-Rotela-Benedetto-Bossio-Lopez-Fiasche,Avenida,Peaton,Metropolitana,Privado
14 DE JULIO,Caldirola-Rotela-Benedetto-Bossio-Lopez-Fiasche-Lopez,Autopista,Moto,Gendarmeria,
15 DE NOVIEMBRE DE 1889,Caldirola-Rotela-Benedetto-Fiasche,Colectora,TP,Prefectura,
1ro DE MAYO,Contartese-Balerio Lucas-Diaz,Peaje,Bicicleta,Otros,
2 DE ABRIL DE 1982,Contartese-Romania,Pasaje,Taxi,,
20 DE FEBRERO,Contartese-Romania-Diaz,Metrobus,Camion,,
20 DE SETIEMBRE,Diaz-Urbide,Ciclovia,Camioneta,,
24 DE NOVIEMBRE,Diaz-Urbide-Maidana-Panzica,Carril Exclusivo,Micro,,
25 DE MAYO,Diaz-Urbide-Panzica-Tabo,De Convivencia,Micro Escolar,,
27 DE FEBRERO,Diaz-Urbide-Tabo,,Ambulancia,,
3 DE FEBRERO,Logato-Diaz,,Movil Policial,,
5 DE JULIO,Lopez-Bossio-Benedeto-Caldirola-Fiasche-Lopez,,Charter,,
9 DE JULIO,Maidana-Panzica,,Tren,,
ACASSUSO,Romania - Contartese - Diaz ,,Otros,,
ACEVEDO,Romania-Diaz,,,,
"ACEVEDO, EDUARDO",Romania-Diaz-Contartese ,,,,
"ACHA, MARIANO, Gral.",Rotela-Lopez-Fiasche-J.Lopez-Bossio-Benedetto-Caldirola,,,,
ACHALA,Sivori-Bibulich,,,,
ACHAVAL,Tiseira,,,,
"ACHAVAL RODRIGUEZ, T., DR.",Urbide-Tabo,,,,
ACHEGA,,,,,
ACHIRA,,,,,
ACHUPALLAS,,,,,
ACONCAGUA,,,,,
"ACOSTA, MARIANO",,,,,
ACOYTE,,,,,
"ACUÑA DE FIGUEROA, FRANCISCO",,,,,
AGACES,,,,,
AGOTE PEDRO,,,,,
"AGOTE, LUIS Dr.",,,,,
AGRELO,,,,,
"AGUADO, ALEJANDRO M. DE",,,,,
AGUARIBAY,,,,,
AGUAS BUENAS,,,,,
AGUERO,,,,,
AGUILAR,,,,,
AGUIRRE,,,,,
"AGUIRRE, JULIAN",,,,,
AIZPURUA,,,,,
ALAGON,,,,,
ALBANIA,,,,,
ALBARELLOS,,,,,
ALBARIÑO,,,,,
ALBARRACIN,,,,,
"ALBARRACIN DE SARMIENTO, PAULA",,,,,
"ALBERDI, JUAN BAUTISTA",,,,,
ALBERTI,,,,,
ALCARAZ,,,,,
"ALCORTA, AMANCIO",,,,,
"ALEM, LEANDRO N.",,,,,
ALEMANIA,,,,,
ALFARERO,,,,,
ALGARROBO,,,,,
ALICANTE,,,,,
ALLENDE,,,,,
ALMAFUERTE,,,,,
ALMAGRO,,,,,
"ALMEIRA, HILARIO de",,,,,
ALPATACAL,,,,,
"ALSINA, ADOLFO",,,,,
"ALSINA, VALENTIN",,,,,
ALTA GRACIA,,,,,
ALTOLAGUIRRE,,,,,
ALVAR NUÑEZ,,,,,
ALVARADO,,,,,
"ALVAREZ DE ACEVEDO, TOMAS",,,,,
ALVAREZ JONTE,,,,,
"ALVAREZ PRADO, MANUEL",,,,,
"ALVAREZ, AGUSTIN",,,,,
"ALVAREZ, CRISOSTOMO",,,,,
"ALVAREZ, DONATO, Tte. Gral.",,,,,
"ALVAREZ, JULIAN",,,,,
"ALVAREZ, THOMAS",,,,,
ALVEAR,,,,,
"ALVEAR, EMILIO, de",,,,,
"ALVEAR, MARCELO T. De",,,,,
ALZAGA,,,,,
AMALIA,,,,,
AMAMBAY,,,,,
AMANCAY,,,,,
AMBERES,,,,,
"AMBROSETTI, JUAN B.",,,,,
"AMEGHINO, FLORENTINO, Dr.",,,,,
AMENABAR,,,,,
AMPERE,,,,,
AMSTERDAM,,,,,
ANASAGASTI,,,,,
AÑASCO,,,,,
ANCASTE,,,,,
"ANCHORENA, TOMAS M. DE, DR",,,,,
ANCHORIS,,,,,
ANCON,,,,,
ANDALGALA,,,,,
ANDALUCIA,,,,,
ANDONAEGUI,,,,,
ANDORRA,,,,,
"ANDRADE, OLEGARIO, V.",,,,,
ANGACO,,,,,
ANKARA,,,,,
ANTARTIDA ARGENTINA,,,,,
ANTEQUERA,,,,,
ANTEZANA,,,,,
ANTOFAGASTA,,,,,
APULE,,,,,
AQUINO,,,,,
"ARANGUREN, JUAN F., Dr.",,,,,
ARAOZ,,,,,
"ARAOZ ALFARO, GREGORIO, DR",,,,,
"ARAOZ DE LAMADRID, G., GRAL.",,,,,
"ARATA, PEDRO N.",,,,,
ARAUJO,,,,,
"ARBELETCHE, ANIBAL P.",,,,,
ARCAMENDIA,,,,,
ARCE,,,,,
"ARCE, MANUEL",,,,,
ARCOS,,,,,
"ARENAL, CONCEPCION",,,,,
ARENALES,,,,,
ARENGREEN,,,,,
AREVALO,,,,,
ARGAÑARAS,,,,,
ARGELIA,,,,,
ARGENTINA,,,,,
ARGERICH,,,,,
"ARGUIBEL, ANDRES",,,,,
ARIAS,,,,,
ARIEL,,,,,
ARISMENDI,,,,,
ARIZONA,,,,,
ARJONILLA,,,,,
"ARMAUER HANSEN, GERARDO, Dr.",,,,,
ARMENIA,,,,,
"AROLAS, EDUARDO",,,,,
AROMA,,,,,
AROMO,,,,,
ARQUIMEDES,,,,,
"ARREDONDO, Virrey",,,,,
ARREGUI,,,,,
ARRIBEÑOS,,,,,
ARRIOLA,,,,,
ARROTEA,,,,,
ARROYO,,,,,
ARTIGAS MANUEL de,,,,,
"ARTIGAS, JOSE GERVASIO DE,",,,,,
ARTILLEROS,,,,,
ARZOBISPO ESPINOSA,,,,,
ASAMBLEA,,,,,
ASCASUBI,,,,,
ASIA,,,,,
ASTURIAS,,,,,
ASUNCION,,,,,
ATACALCO,,,,,
ATAHUALPA,,,,,
ATENAS,,,,,
"ATENZO, LEOPOLDO Mec. Militar",,,,,
ATUEL,,,,,
"AUBAIN, TEODORO Dr.",,,,,
AUSTRALIA,,,,,
AUSTRIA,,,,,
AVALLE,,,,,
AVALOS,,,,,
AVELLANEDA,,,,,
"AVILES, VIRREY",,,,,
AYACUCHO,,,,,
AYOLAS,,,,,
AYUI,,,,,
AZARA,,,,,
AZCUENAGA,,,,,
"AZCUENAGA, DOMINGO DE",,,,,
AZOPARDO,,,,,
AZUL,,,,,
AZURDUY JUANA,,,,,
BACACAY,,,,,
"BACH, JUAN SEBASTIAN",,,,,
"BACLE, CESAR H.",,,,,
BACON,,,,,
BAEZ,,,,,
BAHÍA,,,,,
BAHIA BLANCA,,,,,
BAIGORRI,,,,,
BAIGORRIA,,,,,
"BALANDRA, CARMEN",,,,,
BALBASTRO,,,,,
"BALBIN, JOSE CELEDONIO",,,,,
"BALBIN, RICARDO, DR.",,,,,
BALBOA,,,,,
BALCARCE,,,,,
"BALCARCE, FLORENCIO",,,,,
"BALDRICH, JUAN A. de, Cnel.",,,,,
"BALIÑA, PEDRO, Dr.",,,,,
BALLIVIAN,,,,,
"BALTORE, JOSE R.",,,,,
BANCHS ENRIQUE,,,,,
BARADERO,,,,,
BARAGAÑA,,,,,
BARCA CABO DE HORNOS,,,,,
BARCALA,,,,,
BARCELONA,,,,,
BARCO CENTENERA del,,,,,
"BARILARI, ATILIO S., Alte.",,,,,
BARILOCHE,,,,,
BARRAGAN,,,,,
BARRIENTOS,,,,,
"BARROS PAZOS, JOSE",,,,,
BARZANA,,,,,
BASAVILBASO,,,,,
"BASAVILBASO, LEOPOLDO",,,,,
BASUALDO,,,,,
BATALLA DEL PARI,,,,,
"BATEMAN, J. F.",,,,,
BATHURST,,,,,
"BATLLE Y ORDONEZ, JOSE P.T",,,,,
BAUNESS,,,,,
"BAUZA, FRANCISCO",,,,,
"BAVIO, ERNESTO A.",,,,,
BAZURCO,,,,,
BEAUCHEF,,,,,
BEAZLEY,,,,,
"BECHER, EMILIO",,,,,
"BEDOYA, ELIAS",,,,,
BEETHOVEN,,,,,
BEHRING,,,,,
"BEIRO, FRANCISCO",,,,,
"BELAUSTEGUI, LUIS, Dr.",,,,,
BELEN,,,,,
BELFAST,,,,,
BELGICA,,,,,
BELGRADO,,,,,
BELGRANO,,,,,
BELL VILLE,,,,,
BELLA VISTA,,,,,
"BELLO, ANDRES",,,,,
"BENEDETTI, OSVALDO E., Dip.Nac.",,,,,
"BENIELLI, CARLOS J.",,,,,
"BERG, CARLOS",,,,,
BERGANTIN CONGRESO NACIONAL,,,,,
BERGANTIN ECHAGUE,,,,,
BERGANTIN GENERAL BALCARCE,,,,,
BERGANTIN GENERAL BELGRANO,,,,,
BERGANTIN GOLETA ESPORA,,,,,
BERGANTIN NANCY,,,,,
BERGANTIN VIGILANTE,,,,,
BERLIN,,,,,
BERMEJO,,,,,
"BERMEJO, ANTONIO Dr.",,,,,
BERMUDEZ,,,,,
"BERMUDEZ, ANTONIO",,,,,
"BERMUDEZ, JORGE",,,,,
BERNA,,,,,
BERNAL,,,,,
BERNALDES,,,,,
"BERNARDI, Conscripto",,,,,
BERON DE ASTRADA,,,,,
"BERRO, ADOLFO",,,,,
BERTHELOT,,,,,
BERTRES,,,,,
BERUTI,,,,,
"BERUTI, ARTURO",,,,,
BESARES,,,,,
"BETBEDER, ONOFRE, Alte.",,,,,
BETHLEM,,,,,
BEYROUTH,,,,,
BIALET MASSE,,,,,
"BIANCHI, ANDRES",,,,,
BIARRITZ,,,,,
"BIBILONI, JUAN A.",,,,,
"BIDEGAIN, PEDRO",,,,,
"BIEDMA, JOSE JUAN",,,,,
"BIELSA, RAFAEL, Dr.",,,,,
"BILBAO, FRANCISCO",,,,,
BILLINGHURST,,,,,
BLANCO ENCALADA,,,,,
BLANDENGUES,,,,,
"BLANES, JUAN MANUEL",,,,,
"BOCAYUVA, QUINTINO",,,,,
BOEDO,,,,,
"BOERI, JUAN A.",,,,,
BOGADO,,,,,
BOGOTA,,,,,
BOLAÑOS,,,,,
BOLIVAR,,,,,
BOLIVIA,,,,,
BOLLINI,,,,,
BOLONIA,,,,,
BOMBAY,,,,,
"BONAVENA, OSCAR NATALIO",,,,,
"BONIFACIO, JOSE",,,,,
"BONORINO, ESTEBAN, Cnel.",,,,,
"BONORINO, MARTINIANO",,,,,
BONPLAND,,,,,
BOQUERON,,,,,
"BORCHES, JOSE",,,,,
"BORDABEHERE, ENZO",,,,,
"BORGES, JORGE LUIS",,,,,
"BOSCH, VENTURA",,,,,
BOSTON,,,,,
BOUCHARD,,,,,
BOULOGNE SUR MER,,,,,
BOYACA,,,,,
BRAGADO,,,,,
"BRAILLE, LUIS",,,,,
BRANDSEN,,,,,
BRASIL,,,,,
"BRAUN MENENDEZ, EDUARDO, DR.",,,,,
BRAVARD,,,,,
"BRAVO, MARIO",,,,,
"BRIN, Ministro",,,,,
"BROWN, ALTE.",,,,,
"BROWN, FRANK",,,,,
BRUIX,,,,,
"BRUNO, GIORDANO",,,,,
BRUSELAS,,,,,
BUCARELLI,,,,,
BUCAREST,,,,,
BUDAPEST,,,,,
BUERAS,,,,,
"BUFANO, ALFREDO R.",,,,,
BULGARIA,,,,,
"BULLRICH, INT.",,,,,
BULNES,,,,,
"BUNGE, Int.",,,,,
BURELA,,,,,
BURGOS,,,,,
"BURMEISTER, GERMAN",,,,,
"BUSCHIAZZO, JUAN A.",,,,,
"BUSTILLO, JOSE M., Gral.",,,,,
BUTTELER,,,,,
"BUTTY, E., Ing.",,,,,
BYNNON,,,,,
BYRON,,,,,
CAAGUAZU,,,,,
CABALLITO,,,,,
CABELLO,,,,,
"CABEZON, JOSE LEON",,,,,
CABILDO,,,,,
CABOT,,,,,
CABOTO,,,,,
"CABRAL, Sgto.",,,,,
"CABRED, DOMINGO, Dr.",,,,,
"CABRER, Cnel.",,,,,
"CABRERA, JOSE A.",,,,,
CACHEUTA,,,,,
CACHI,,,,,
CACHIMAYO,,,,,
CACIQUE,,,,,
CADIZ,,,,,
CAFAYATE,,,,,
"CAFFARENA, AGUSTIN R.",,,,,
"CAFFERATA, FRANCISCO",,,,,
CAGLIARI,,,,,
CAJARAVILLA,,,,,
CALABRIA,,,,,
"CALAZA, JOSE MARIA",,,,,
CALCENA,,,,,
CALDAS,,,,,
CALDEN,,,,,
"CALDERON DE LA BARCA, PEDRO",,,,,
CALFUCURA,,,,,
CALIFORNIA,,,,,
CALINGASTA,,,,,
CALLAO,,,,,
"CALOU, JUAN P.",,,,,
"CALVO, CARLOS",,,,,
"CALZADILLA, SANTIAGO",,,,,
CAMACUA,,,,,
CAMARGO,,,,,
CAMARONES,,,,,
"CAMBIESES, EUSTAQUIO",,,,,
CAMINITO,,,,,
"CAMINO, MIGUEL ANGEL",,,,,
CAMOATI,,,,,
CAMPANA,,,,,
CAMPICHUELO,,,,,
CAMPILLO,,,,,
CAMPOS SALLES,,,,,
"CAMPOS, GASPAR",,,,,
"CAMPOS, LUIS M.",,,,,
CANADA,,,,,
CANADA DE GOMEZ,,,,,
"CANARD, BENJAMIN, DR.",,,,,
CANDELARIA,,,,,
"CANE, MIGUEL",,,,,
CANGALLO,,,,,
CANGAYE,,,,,
CANONERA AMERICA,,,,,
CANTILO,,,,,
"CANTILO, Int.",,,,,
"CANTILO, JOSE LUIS",,,,,
CAÑUELAS,,,,,
CAPDEVILA,,,,,
"CAPDEVILA, ARTURO",,,,,
CAPERUCITA,,,,,
CARABELAS,,,,,
CARABOBO,,,,,
CARACAS,,,,,
CARANDAY,,,,,
CARAPACHAY,,,,,
CARBAJAL,,,,,
"CARBALLIDO, JOSE E.",,,,,
"CARBONARI, FRANCISCO, Cmte.",,,,,
"CARCANO, RAMON J.",,,,,
"CARCOVA, DE LA",,,,,
"CARDENAS, CNEL.",,,,,
CARDOSO,,,,,
CARHUE,,,,,
CARICANCHA,,,,,
CAROYA,,,,,
"CARRANZA, ADOLFO P.",,,,,
"CARRANZA, ANGEL JUSTINIANO",,,,,
"CARRANZA, CARLOS",,,,,
CARRASCO,,,,,
"CARRERAS, SANTIAGO de las",,,,,
"CARRERAS, SEGUNDO IÑIGO",,,,,
"CARRIEGO, EVARISTO",,,,,
"CARRIL, SALVADOR MARIA DEL",,,,,
"CARRILLO, RAMON, DR.",,,,,
CASACUBERTA,,,,,
CASAFOUST,,,,,
CASARES,,,,,
CASCO,,,,,
"CASCO, HORACIO, Dr.",,,,,
CASEROS,,,,,
CASTAÑARES,,,,,
CASTAÑEDA,,,,,
CASTANON,,,,,
"CASTELAR, EMILIO",,,,,
"CASTELLANOS, JOAQUIN",,,,,
CASTELLI,,,,,
CASTEX,,,,,
"CASTILLA, RAMON, MARISCAL",,,,,
CASTILLO,,,,,
"CASTILLO, CATULO",,,,,
"CASTILLO, JUAN del",,,,,
"CASTILLO, RAMON S., PRES.",,,,,
CASTRO,,,,,
"CASTRO, BARROS",,,,,
"CASTRO, EMILIO",,,,,
"CASTRO, JUAN de",,,,,
"CASTRO, ROSALIA DE",,,,,
CATAMARCA,,,,,
CATANIA,,,,,
CATRIEL,,,,,
CAVIA,,,,,
CAYASTA,,,,,
CAZADORES,,,,,
CENTENARIO,,,,,
"CEPEDA y AHUMADA, RODRIGO de",,,,,
CERETTI,,,,,
"CERRI, DANIEL, Gral.",,,,,
CERRILLOS,,,,,
CERRITO,,,,,
CERVANTES,,,,,
CERVIÑO,,,,,
CESPEDES,,,,,
"CEVALLOS, Virrey",,,,,
CHACABUCO,,,,,
CHACO,,,,,
"CHAGAS, CARLOS",,,,,
CHAJARI,,,,,
CHAMICAL,,,,,
CHARCAS,,,,,
CHARLONE,,,,,
CHARRUA,,,,,
CHASCOMUS,,,,,
"CHASSAING, JUAN",,,,,
"CHAVEZ, JORGE",,,,,
CHECOSLOVAQUIA,,,,,
"CHENAUT, INDALESIO, GRAL.",,,,,
CHICLANA,,,,,
CHICOANA,,,,,
"CHILAVERT, MARTINIANO, Cnel.",,,,,
CHILE,,,,,
CHILECITO,,,,,
CHIMBORAZO,,,,,
CHINA,,,,,
CHIRIGUANOS,,,,,
CHIRIMAY,,,,,
CHIVILCOY,,,,,
CHONINO,,,,,
CHORROARIN,,,,,
CHUBUT,,,,,
CHUMBICHA,,,,,
"CHUTRO, PEDRO,  Prof., Dr.",,,,,
CIPOLLETTI,,,,,
CISNE,,,,,
"CISNEROS, Virrey",,,,,
"CITTADINI, BASILIO",,,,,
CIUDAD DE LA PAZ,,,,,
CIUDAD DE SABADELL,,,,,
CIUDADELA,,,,,
"CIVIT, EMILIO",,,,,
CLAY,,,,,
COBO,,,,,
COCHABAMBA,,,,,
COCHICO,,,,,
COCHRANE,,,,,
"COGHLAN, JUAN M.",,,,,
COLIGUE,,,,,
COLIQUEO,,,,,
"COLLIVADINO, PIO",,,,,
"COLMO, ALFREDO",,,,,
COLOMBIA,,,,,
COLOMBO LEONI EDUARDO,,,,,
COLOMBRES,,,,,
COLONIA,,,,,
COLPAYO,,,,,
COLUMBIA,,,,,
COMBATE DE COSTA BRAVA,,,,,
COMBATE DE LOS POZOS,,,,,
COMBATE DE SAN CARLOS,,,,,
COMBATIENTES DE MALVINAS,,,,,
CONCORDIA,,,,,
CONDARCO,,,,,
CONDE,,,,,
CONDOR,,,,,
CONESA,,,,,
CONGRESO,,,,,
"CONI, EMILIO R., Dr.",,,,,
CONSTANTINOPLA,,,,,
CONSTITUCION,,,,,
CONVENCION,,,,,
"COOKE, JOHN W.",,,,,
COOPERACION,,,,,
COPAHUE,,,,,
COPENHAGUE,,,,,
COPERNICO,,,,,
CORBETA AGREABLE,,,,,
CORBETA BELFAST,,,,,
CORBETA URUGUAY,,,,,
CORDOBA,,,,,
COREA,,,,,
"CORONADO, MARTIN",,,,,
CORONDA,,,,,
CORRALES,,,,,
CORRALES VIEJOS,,,,,
CORREA,,,,,
"CORREA, BENITO",,,,,
"CORREA, GUILLERMO, Dr.",,,,,
"CORREA, MORALES LUCIO",,,,,
CORREGIDORES,,,,,
CORRIENTES,,,,,
"CORRO, MIGUEL C. DEL, CANONIGO",,,,,
"CORTEJARENA, JOSE A.",,,,,
"CORTES, GERONIMO",,,,,
CORTINA,,,,,
CORVALAN,,,,,
COSQUIN,,,,,
"COSSENTTINI, OLGA",,,,,
COSTA RICA,,,,,
"COSTA, EDUARDO",,,,,
"COSTAMAGNA, SANTIAGO",,,,,
COTAGAITA,,,,,
COTOCOLLAO,,,,,
"COUTO, MIGUEL",,,,,
"COUTURE, EDUARDO J.",,,,,
CRAIG,,,,,
CRAINQUEVILLE,,,,,
CRAMER,,,,,
CRANWELL,,,,,
CRESPO,,,,,
CRUCERO GRAL. BELGRANO,,,,,
CRUZ DEL EJE,,,,,
CRUZ DEL SUD,,,,,
"CRUZ, JUANA INES DE LA, SOR",,,,,
"CRUZ, OSVALDO",,,,,
CUBA,,,,,
"CUBAS, JOSE",,,,,
CUCHA CUCHA,,,,,
CUENCA,,,,,
"CUERVO, RUFINO J.",,,,,
CULLEN,,,,,
CULPINA,,,,,
"CUNEO, FRANCISCO",,,,,
"CUNNINGHAME, GRAHAM, ROBERTO",,,,,
CURA BROCHERO,,,,,
CURAPALIGUE,,,,,
"CURATELLA MANES, PABLO",,,,,
"CURIE, MARIA",,,,,
CURITYBA,,,,,
CURUPAYTI,,,,,
CURUZU CUATIA,,,,,
"CUTER, LUISITO",,,,,
CUYO,,,,,
CUZCO,,,,,
"DA VINCI, LEONARDO",,,,,
DAGUERRE,,,,,
"DAMIANOVICH, ELEODORO, Dr.",,,,,
"D'AMICIS, EDMUNDO",,,,,
DANEL,,,,,
"DANTAS, JULIO S.",,,,,
DANTE,,,,,
DARACT,,,,,
"DARQUIER, JUAN",,,,,
DARREGUEYRA,,,,,
DARWIN,,,,,
DAVILA,,,,,
DE LA BARRA EMMA (via publica),,,,,
DE LA ECONOMIA,,,,,
DE LA INDUSTRIA,,,,,
DE LA MISERICORDIA,,,,,
"DE LA ROSA, JOSE I., DR.",,,,,
DE LA TECNICA,,,,,
"DE LA TORRE, LISANDRO",,,,,
DE LAS ARTES,,,,,
DE LAS CIENCIAS,,,,,
DE LAS GARANTIAS,,,,,
DE LOS CONSTITUYENTES,,,,,
DE LOS CORRALES,,,,,
DE LOS INCAS,,,,,
DE LOS INMIGRANTES,,,,,
DE LOS ITALIANOS,,,,,
DE LOS OMBUES,,,,,
DE MAYO,,,,,
"DE MOUSSY, MARTIN",,,,,
"DE SIMONE, VICENTE",,,,,
"DEALESSI, PIERINA",,,,,
DEAN FUNES,,,,,
"DEDICO, DOMINGO, Agente",,,,,
DEFENSA,,,,,
DEHEZA,,,,,
DEKAY,,,,,
DEL BAÑADO,,,,,
DEL BUEN ORDEN,,,,,
DEL CAMPO,,,,,
DEL CARMEN,,,,,
DEL COLEGIO,,,,,
DEL COMERCIO,,,,,
DEL FOMENTISTA,,,,,
DEL LIBERTADOR,,,,,
DEL PARQUE,,,,,
DEL PROGRESO,,,,,
DEL SIGNO,,,,,
DEL TEMPLE,,,,,
DEL TIGRE,,,,,
DELAMBRE,,,,,
DELGADO,,,,,
"DELLA PAOLERA, CARLOS M.",,,,,
"DELLEPIANE, LUIS",,,,,
"DELLEPIANE, LUIS, TTE. GRAL.",,,,,
DEMARIA,,,,,
"DEMARIA, ISIDORO",,,,,
"DEMARIA, MARIANO",,,,,
DERQUI,,,,,
DESAGUADERO,,,,,
"DESCALZI, NICOLAS",,,,,
DESEADO,,,,,
"D'ESPOSITO, ARNALDO",,,,,
"DEVOTO, FORTUNATO",,,,,
DIAMANTE,,,,,
DIAZ COLODRERO,,,,,
DIAZ VELEZ,,,,,
"DIAZ, ANA",,,,,
"DIAZ, AVELINO",,,,,
"DIAZ, CESAR, GRAL.",,,,,
"DIAZ, CNEL.",,,,,
"DICKMAN, ADOLFO, Dr.",,,,,
"DIEZ DE MEDINA, CLEMENTE",,,,,
DINAMARCA,,,,,
DIRECTORIO,,,,,
"DISCEPOLO, ENRIQUE SANTOS",,,,,
DOBLAS,,,,,
DOLORES,,,,,
DON ANSELMO AIETA,,,,,
DON BOSCO,,,,,
DON CRISTOBAL,,,,,
DON PEDRO DE MENDOZA,,,,,
DON SEGUNDO SOMBRA,,,,,
DONADO,,,,,
DONIZETTI,,,,,
DORREGO,,,,,
"DRAGO, LUIS MARIA",,,,,
DRAGONES,,,,,
"DRESCO, ARTURO ANTONIO",,,,,
DRUMOND,,,,,
"DUARTE, JUAN PABLO",,,,,
DUBLIN,,,,,
"DUMAS, ALEJANDRO",,,,,
"DUMAS, VITO",,,,,
"DUMONT, SANTOS",,,,,
DUPUY,,,,,
"ECHAGUE, CARLOS, ING.",,,,,
"ECHAGUE, PEDRO",,,,,
ECHAURI,,,,,
ECHEANDIA,,,,,
ECHENAGUCIA,,,,,
"ECHEVARRIA, VICENTE A. DE",,,,,
ECHEVERRIA,,,,,
ECUADOR,,,,,
"EDISON, TOMAS A.",,,,,
"EGUIA, MANUEL",,,,,
"EINSTEIN, ALBERTO",,,,,
EL ALFABETO,,,,,
EL ARAUCANO,,,,,
EL ARTESANO,,,,,
EL CARDENAL,,,,,
EL CARPINTERO,,,,,
EL CEIBO,,,,,
EL CERRO,,,,,
EL CHACHO,,,,,
EL CHASQUE,,,,,
EL CRIOLLO,,,,,
EL DELTA,,,,,
EL DOMADOR,,,,,
EL FOGON,,,,,
EL FUERTE,,,,,
EL GAUCHO,,,,,
EL HORNERO,,,,,
EL LAZO,,,,,
EL LITORAL,,,,,
EL MAESTRO,,,,,
EL METODO,,,,,
EL MIRASOL,,,,,
EL MISIONERO,,,,,
EL NANDU,,,,,
EL NENE,,,,,
EL PAMPERO,,,,,
EL PEREGRINO,,,,,
EL PROFETA DE LA PAMPA,,,,,
EL QUIJOTE,,,,,
EL RANCHO,,,,,
EL RASTREADOR,,,,,
EL RECADO,,,,,
EL REFRAN,,,,,
EL SALVADOR,,,,,
EL SAUCE,,,,,
EL SERENO,,,,,
EL TALA,,,,,
EL TREBOL,,,,,
EL TROVADOR,,,,,
EL ZONDA,,,,,
EL ZORZAL,,,,,
ELCANO,,,,,
ELIA,,,,,
"ELIZALDE, RUFINO de",,,,,
EMPEDRADO,,,,,
"ENCINA, CARLOS",,,,,
ENSENADA,,,,,
ENTRE RIOS,,,,,
EPECUEN,,,,,
EPUYEN,,,,,
ERASMO,,,,,
ERCILLA,,,,,
EREZCANO,,,,,
ESCALADA,,,,,
"ESCALADA DE SAN MARTIN, R.",,,,,
"ESCALADA, CELEDONIO Cmte.",,,,,
ESCOBAR,,,,,
ESCRIBANO,,,,,
ESMERALDA,,,,,
ESNAOLA,,,,,
ESPAÑA,,,,,
ESPARTACO,,,,,
ESPARZA,,,,,
"ESPEJO, GERONIMO, GRAL.",,,,,
ESPINILLO,,,,,
ESPINOSA,,,,,
ESPRONCEDA,,,,,
ESQUEL,,,,,
ESQUINA,,,,,
ESQUIU,,,,,
ESTADO DE ISRAEL,,,,,
ESTADOS UNIDOS,,,,,
ESTERO BELLACO,,,,,
ESTEVES SAGUI,,,,,
"ESTEVEZ, JOSE, ING.",,,,,
ESTIVAO,,,,,
ESTOCOLMO,,,,,
ESTOMBA,,,,,
ESTONIA,,,,,
ESTRADA,,,,,
"ESTRADA, Juez",,,,,
ESTRELLA FEDERAL,,,,,
EUCLIDES,,,,,
EYLE PETRONA,,,,,
"EZCURRA, ENCARNACION",,,,,
EZEIZA,,,,,
"EZEIZA, GABINO",,,,,
FABRE,,,,,
FACUNDO,,,,,
"FADER, FERNANDO",,,,,
"FAGNANO, JOSE",,,,,
"FALCON, RAMON L.,CNEL.",,,,,
FALUCHO,,,,,
FALUCHO SAN LUIS,,,,,
FAMAILLA,,,,,
FAMATINA,,,,,
FARADAY,,,,,
FECUNDIDAD,,,,,
FERNANDEZ,,,,,
FERNANDEZ BLANCO,,,,,
FERNANDEZ DE ENCISO,,,,,
"FERNANDEZ DE LA CRUZ, F., GRAL.",,,,,
FERNANDEZ ESPIRO DIEGO,,,,,
"FERNANDEZ MORENO, BALDOMERO",,,,,
"FERNANDEZ, MACEDONIO",,,,,
FERRARI,,,,,
"FERRARI, ANTONINO M.",,,,,
FERRE,,,,,
"FERREYRA, ANDRES",,,,,
FERROCARRIL,,,,,
"FIGUEROA ALCORTA, PRES.",,,,,
"FIGUEROA, APOLINARIO, Cnel.",,,,,
FILIBERTO,,,,,
"FILIBERTO, JUAN DE DIOS",,,,,
FINLANDIA,,,,,
"FINLAY, CARLOS J.",,,,,
FINOCHIETTO ENRIQUE DR.,,,,,
"FINOCHIETTO, RICARDO, Dr.",,,,,
"FITTE, MARCELO J., DR.",,,,,
FITZ ROY,,,,,
FLOR DEL AIRE,,,,,
"FLORES, VENANCIO, Gral.",,,,,
FLORESTA,,,,,
FLORIDA,,,,,
FONROUGE,,,,,
"FONTANA, LUIS J. Cnel.",,,,,
FOREST,,,,,
FORMOSA,,,,,
"FOULLIER, FELIX O.",,,,,
FOURNIER,,,,,
FRAGA,,,,,
FRAGATA 25 DE MAYO,,,,,
FRAGATA CEFIRO,,,,,
FRAGATA HALCON,,,,,
FRAGATA HERCULES,,,,,
FRAGATA LA ARGENTINA,,,,,
FRAGATA Pres. SARMIENTO,,,,,
FRAGATA TRINIDAD,,,,,
FRAGUEIRO,,,,,
FRANCO,,,,,
FRANKLIN,,,,,
FRATERNIDAD,,,,,
FRAY CAYETANO RODRIGUEZ,,,,,
FRAY JUSTO SANTAMARIA DE ORO,,,,,
FRAY LUIS BELTRAN,,,,,
"FREIRE, RAMON, CAP. GRAL.",,,,,
FRENCH,,,,,
"FREYRE, MARCELINO E., Cnel.",,,,,
"FRIAS,  EUSTAQUIO, TTE. GRAL.",,,,,
"GAINZA, MARTIN DE, GRAL.",,,,,
"GAITAN, LUIS",,,,,
"GAITO, CONSTANTINO",,,,,
GALENO,,,,,
GALICIA,,,,,
GALILEO,,,,,
GALLARDO,,,,,
"GALLARDO, ANGEL",,,,,
GALLEGOS,,,,,
GALLO,,,,,
"GALLO, DELFIN",,,,,
GALVAN,,,,,
"GALVEZ, MANUEL",,,,,
GAMARRA,,,,,
"GAMBOA, MARCELO",,,,,
GANA,,,,,
GANDARA,,,,,
"GANDHI, MAHATMA",,,,,
GAONA,,,,,
"GARAY, JUAN DE",,,,,
GARCIA DE COSSIO,,,,,
GARCIA DEL RIO,,,,,
"GARCIA GRANDE DE ZEQUEIRA, SEVERO",,,,,
"GARCIA LORCA, FEDERICO",,,,,
"GARCIA, CEFERINO, AGENTE",,,,,
"GARCIA, JUAN AGUSTIN",,,,,
"GARCIA, MANUEL",,,,,
"GARCIA, MANUEL J., ALTE.",,,,,
"GARCIA, MARTIN",,,,,
"GARCIA, PEDRO A.,CNEL.",,,,,
"GARCIA, TEODORO",,,,,
"GARDEL, CARLOS",,,,,
GARIBALDI,,,,,
GARMENDIA,,,,,
GARRO,,,,,
"GARZON, EUGENIO, GRAL.",,,,,
GASCON,,,,,
GAVILAN,,,,,
GAZETA de BUENOS AYRES,,,,,
GELLY,,,,,
"GELLY Y OBES, GRAL.",,,,,
GENA,,,,,
GENDARMERIA NACIONAL,,,,,
GENOVA,,,,,
"GERCHUNOFF, ALBERTO",,,,,
GIBRALTAR,,,,,
GIBSON,,,,,
"GILARDI, GILARDO",,,,,
"GIMENEZ, ANGEL M.",,,,,
GINEBRA,,,,,
"GIRALT, HERNAN M., INT., A",,,,,
GIRARDOT,,,,,
GIRIBONE,,,,,
"GIUFFRA, JOSE M.,DR.",,,,,
GODOY CRUZ,,,,,
"GODOY, RUPERTO",,,,,
GOLETA FORTUNA,,,,,
GOLETA INVENCIBLE,,,,,
GOLETA JULIA,,,,,
GOLETA JULIET,,,,,
GOLETA MALDONADO,,,,,
GOLETA MANUELITA,,,,,
GOLETA SANTA CRUZ,,,,,
GOLETA SARANDI,,,,,
"GOLFARINI, JUAN ANGEL, Dr.",,,,,
GOMEZ DE FONSECA,,,,,
"GOMEZ SOMAVILLA, JOAQUIN",,,,,
"GOMEZ, INDALECIO",,,,,
"GOMEZ, JUAN CARLOS",,,,,
"GOMEZ, VALENTIN",,,,,
GONCALVES DIAS,,,,,
"GONZALES CHAVES, ADOLFO",,,,,
"GONZALES, JULIO VICTOR",,,,,
GONZALEZ CATAN,,,,,
"GONZALEZ, AGUSTIN, ING.",,,,,
"GONZALEZ, ELPIDIO",,,,,
"GONZALEZ, JOAQUIN V.",,,,,
"GONZALEZ, ROQUE",,,,,
"GORDILLO, JOSE O., CNEL.",,,,,
"GORDILLO, TIMOTEO",,,,,
GOROSTIAGA,,,,,
GORRITI,,,,,
GORRITI JUANA MANUELA,,,,,
GOYA,,,,,
"GOYENA, PEDRO",,,,,
"GRAMAJO GUTIERREZ, ALFREDO",,,,,
"GRANADA, NICOLAS",,,,,
"GRANADA, NICOLAS, CNEL.",,,,,
GRANADEROS,,,,,
"GRANDOLI, MARTIN",,,,,
"GRANVILLE, GUILLERMO ENRIQUE",,,,,
GRECIA,,,,,
"GRIERSON, CECILIA",,,,,
GRITO DE ASENCIO,,,,,
GRIVEO,,,,,
"GROUSSAC, PAUL",,,,,
GUAL,,,,,
GUALEGUAY,,,,,
GUALEGUAYCHU,,,,,
GUAMINI,,,,,
GUANAHANI,,,,,
GUARANI,,,,,
GUARDIA NACIONAL,,,,,
GUARDIA VIEJA,,,,,
GUATEMALA,,,,,
GUAYAQUIL,,,,,
GUAYMALLEN,,,,,
GUAYQUIRARO,,,,,
GUAYRA,,,,,
GUEMES,,,,,
"GUEMES TORINO, JORGE, CADETE",,,,,
"GUEMES, MACACHA",,,,,
"GUERRICO, Int.",,,,,
"GUERRICO, MARTIN, CTTE.",,,,,
GUEVARA,,,,,
"GUEVARA, TRINIDAD (PROL CORRIENTES)",,,,,
GUIDO,,,,,
"GUIDO y SPANO, CARLOS",,,,,
GUIPUZCOA,,,,,
"GUIRALDES, INT.",,,,,
"GUIRALDES, RICARDO",,,,,
GUISE,,,,,
GURRUCHAGA,,,,,
"GUSTAVINO, ENRIQUE",,,,,
GUTENBERG,,,,,
"GUTIERREZ, EDUARDO",,,,,
"GUTIERREZ, JUAN MARIA",,,,,
"GUTIERREZ, RICARDO",,,,,
"GUTTERO, ALFREDO",,,,,
GUZMAN,,,,,
HABANA,,,,,
"HAEDO, EDUARDO V., PRES.",,,,,
HAITI,,,,,
"HALL, BASILIO",,,,,
HAMBURGO,,,,,
HAWAI,,,,,
HELGUERA,,,,,
HEREDIA,,,,,
"HERMITTE, ENRIQUE, Ing.",,,,,
HERNANDARIAS,,,,,
"HERNANDEZ, JOSE",,,,,
"HERNANDEZ, RAFAEL",,,,,
HERRERA,,,,,
"HERRERA, LUIS A., de",,,,,
"HICKEN, CRISTOBAL M.",,,,,
HIDALGO,,,,,
"HIDALGO, BARTOLOME",,,,,
HINOJO,,,,,
HIROSHIMA,,,,,
HOLMBERG,,,,,
HOMERO,,,,,
HONDURAS,,,,,
"HORNOS, Gral.",,,,,
HORTIGUERA,,,,,
HUALFIN,,,,,
HUAURA,,,,,
HUBAC,,,,,
HUDSON,,,,,
"HUDSON, GUILLERMO",,,,,
HUEMUL,,,,,
HUERGO,,,,,
"HUERGO, ING.",,,,,
"HUGO, VICTOR",,,,,
HUMAHUACA,,,,,
HUMAITA,,,,,
HUMBERTO 1°,,,,,
HUMBOLDT,,,,,
HUNGRIA,,,,,
HUSARES,,,,,
IBANEZ,,,,,
"IBARBOUROU, JUANA de",,,,,
IBARROLA,,,,,
"IBARROLA, RODRIGO de",,,,,
IBERA,,,,,
ICALMA,,,,,
IGUALDAD,,,,,
IGUAZU,,,,,
INCA,,,,,
INCLAN,,,,,
INDEPENDENCIA,,,,,
INDIO,,,,,
"INGENIEROS, JOSE",,,,,
IRALA,,,,,
IRAOLA,,,,,
"IRIARTE, GRAL.",,,,,
IRIGOYEN,,,,,
"IRIGOYEN, BERNARDO de",,,,,
"IRIGOYEN, SANTOS",,,,,
IRLANDA,,,,,
ISABEL LA CATOLICA,,,,,
"ISABEL, INFANTA",,,,,
ISLANDIA,,,,,
ITALIA,,,,,
ITAQUI,,,,,
ITURRI,,,,,
ITUZAINGO,,,,,
JACARANDA,,,,,
JACHAL,,,,,
"JACQUES, AMADEO",,,,,
"JANER, ANA MARIA",,,,,
"JANTIN, JUAN BAUTISTA",,,,,
JARAMILLO,,,,,
"JAURES, JEAN",,,,,
"JAURETCHE, ARTURO",,,,,
"JENNER, EDUARDO, Dr.",,,,,
"JEREZ, PEDRO de",,,,,
JORGE,,,,,
"JOVELLANOS, GASPAR M. de",,,,,
JUANA DE ARCO,,,,,
"JUAREZ, BENITO",,,,,
JUFRE,,,,,
JUJUY,,,,,
JUNCAL,,,,,
JUNIN,,,,,
JURAMENTO,,,,,
"JUSTO, JUAN B.",,,,,
"KENNEDY, JOHN FITGERALD",,,,,
KING,,,,,
"KORN, ALEJANDRO, Dr.",,,,,
"KRAUSE, JULIO, Ing.",,,,,
LA BLANQUEADA,,,,,
LA CACHILA,,,,,
LA CALANDRIA,,,,,
LA CAPITAL,,,,,
LA CAUTIVA,,,,,
LA COMUNA,,,,,
LA CONQUISTA,,,,,
LA CONSTANCIA,,,,,
LA CORDILLERA,,,,,
LA DILIGENCIA,,,,,
LA ESPIGA,,,,,
LA FACULTAD,,,,,
LA FONTAINE,,,,,
LA FRONDA,,,,,
LA GALERA,,,,,
LA GARZA,,,,,
LA GLORIA,,,,,
LA HAYA,,,,,
LA HUELLA,,,,,
LA HUERTA,,,,,
LA MADRESELVA,,,,,
LA MAR,,,,,
LA MAREA,,,,,
LA MESOPOTAMIA,,,,,
LA NAVE,,,,,
LA NIÑA,,,,,
LA PAMPA,,,,,
LA PINTA,,,,,
LA PLATA,,,,,
LA PORTEÑA,,,,,
LA QUENA,,,,,
LA RABIDA (N),,,,,
LA RABIDA (S),,,,,
LA RIOJA,,,,,
LA SANTA MARIA,,,,,
LA SELVA,,,,,
LA TRILLA,,,,,
LACARRA,,,,,
"LACROZE, FEDERICO",,,,,
LADINES,,,,,
LAFAYETTE,,,,,
"LAFERRERE, GREGORIO de",,,,,
LAFINUR,,,,,
"LAFOND, GABRIEL",,,,,
"LAFONE, QUEVEDO SAMUEL",,,,,
LAFUENTE,,,,,
LAGOS,,,,,
"LAGOS GARCIA, LUIS",,,,,
LAGRANGE,,,,,
LAGUNA,,,,,
"LAMARCA, EMILIO",,,,,
"LAMAS, ANDRES",,,,,
LAMBARE,,,,,
LANCHEROS DEL PLATA,,,,,
LANIN,,,,,
LANTERI JULIETA,,,,,
LANUS,,,,,
LANZA,,,,,
LAPACHO,,,,,
LAPLACE,,,,,
LAPRIDA,,,,,
"LARGUIA, CARLOS, CADETE",,,,,
"LARRALDE, CRISOLOGO",,,,,
"LARRAÑAGA, DAMASO",,,,,
LARRAYA,,,,,
LARRAZABAL,,,,,
LARREA,,,,,
"LARROQUE DE ROFFO, ELENA",,,,,
LARSEN,,,,,
LAS ACACIAS,,,,,
LAS BASES,,,,,
LAS CASAS,,,,,
LAS COLONIAS,,,,,
LAS FLORES,,,,,
"LAS HERAS, GRAL.",,,,,
LAS INDIAS,,,,,
LAS PALMAS,,,,,
LAS PROVINCIAS,,,,,
LAS TUNAS,,,,,
LASCANO,,,,,
"LASSERRE, AUGUSTO, Alte.",,,,,
LASTRA,,,,,
LAURELES ARGENTINOS,,,,,
LAUSANA,,,,,
LAUTARO,,,,,
LAVADERO,,,,,
"LAVAISSE, BENJAMIN J.",,,,,
LAVALLE,,,,,
LAVALLEJA,,,,,
LAVARDEN,,,,,
LAVOISIER,,,,,
"LE BRETON, TOMAS A.",,,,,
"LEBENSOHN, MOISES",,,,,
"LEGUIZAMON, HONORIO, DR.",,,,,
"LEGUIZAMON, MARTINIANO",,,,,
"LEGUIZAMON, ONESIMO",,,,,
LEIPZIG,,,,,
LEIVA,,,,,
"LEMOS, JUAN GREGORIO, Gral.",,,,,
"LEON, BERNARDO DE",,,,,
LEONES,,,,,
LEOPARDI,,,,,
LERMA,,,,,
"LEVALLE, NICOLAS, Tte.Gral.",,,,,
"LEVENE, RICARDO, Dr.",,,,,
"LEVILLIER, ROBERTO, Dr.",,,,,
LEZICA,,,,,
LIBERTAD,,,,,
"LIBERTI, TOMAS",,,,,
LIBRES,,,,,
LIBRES DEL SUR,,,,,
LILLO,,,,,
LIMA,,,,,
LINCOLN,,,,,
LINIERS VIRREY,,,,,
LINNEO,,,,,
LISBOA,,,,,
"LISTA, RAMON, CNEL.",,,,,
LITUANIA,,,,,
LIVERPOOL,,,,,
LLAVALLOL,,,,,
LLERENA,,,,,
LLORENTE,,,,,
LOBERIA,,,,,
LOBOS,,,,,
"LOBOS, ELEODORO, Dr.",,,,,
LOGROÑO,,,,,
LOMAS DE ZAMORA,,,,,
LONDRES,,,,,
LOPE DE VEGA,,,,,
"LOPEZ ANAUT, PEDRO, DR.",,,,,
"LOPEZ BUCHARDO, CARLOS",,,,,
"LOPEZ MERINO, FRANCISCO",,,,,
"LOPEZ, CANDIDO",,,,,
"LOPEZ, CARLOS ANTONIO",,,,,
"LOPEZ, JUAN PABLO",,,,,
"LOPEZ, VICENTE",,,,,
"LOPEZ, VICENTE FIDEL",,,,,
"LORA, FELIX",,,,,
LORENZINI CAROLA,,,,,
"LORETO, Virrey",,,,,
LOS ANDES,,,,,
LOS PATOS,,,,,
LOS PIRINEOS,,,,,
LOS RECUERDOS,,,,,
LOS TELARES,,,,,
LOS TERRITORIOS,,,,,
LOYOLA,,,,,
"LOZANO, PEDRO",,,,,
"LUCA, ESTEBAN de",,,,,
LUCERO,,,,,
LUCHTER (SUR),,,,,
LUGO,,,,,
LUGONES,,,,,
"LUGONES, LEOPOLDO",,,,,
"LUISONI, ARTURO, Mayor",,,,,
"LUJAN, PEDRO DE",,,,,
LUNA,,,,,
"LUPPI, ABRAHAM J.",,,,,
LUXEMBURGO,,,,,
LUZURIAGA,,,,,
LYNCH,,,,,
"LYNCH ARRIBALZAGA, FELIX",,,,,
LYNCH MARTA,,,,,
"MACHADO, ANTONIO",,,,,
MACHAIN,,,,,
"MACIEL, FRANCISCO A.",,,,,
MADARIAGA,,,,,
"MADERA, JUAN, Dr.",,,,,
"MADERNA, FRANCISCO",,,,,
MADERO,,,,,
"MADERO, EDUARDO",,,,,
MADRID,,,,,
"MAGALDI, AGUSTIN",,,,,
MAGALLANES,,,,,
"MAGARIÑOS CERVANTES, A.",,,,,
MAGDALENA,,,,,
"MAGNAUD, Juez",,,,,
MAIPU,,,,,
MAITEN,,,,,
MALABIA,,,,,
MALAGA,,,,,
MALASIA,,,,,
MALDONADO,,,,,
"MALHARRO, MARTIN A.",,,,,
MALVINAS ARGENTINAS,,,,,
MANAGUA,,,,,
MANCO CAPAC,,,,,
MANDISOBI,,,,,
"MANSILLA, LUCIO NORBERTO, GRAL.",,,,,
MANSO JUANA,,,,,
MANZANARES,,,,,
"MANZI, HOMERO",,,,,
MANZONI,,,,,
MAR DEL PLATA,,,,,
MAR DULCE,,,,,
MARACAIBO,,,,,
"MARCHI, MARIA CATALINA",,,,,
"MARCOARTU, PJE.",,,,,
"MARECHAL, LEOPOLDO",,,,,
"MARMOL, JOSE",,,,,
MARSELLA,,,,,
"MARTI, JOSE",,,,,
MARTIN FIERRO,,,,,
MARTIN PESCADOR,,,,,
MARTINEZ CASTRO,,,,,
MARTINEZ DE HOZ,,,,,
MARTINEZ ROSAS,,,,,
"MARTINEZ ZUVIRIA, GUSTAVO,",,,,,
"MARTINEZ, ENRIQUE, GRAL.",,,,,
"MARTINEZ, JUAN ESTEBAN",,,,,
"MARTINEZ, MATEO J.",,,,,
"MARTINEZ, PLACIDO",,,,,
"MARTINEZ, VICTOR",,,,,
MARTIRES PALOTINOS,,,,,
"MASANTONIO, HERMINIO",,,,,
MASON,,,,,
MATACO,,,,,
MATANZA,,,,,
MATHEU,,,,,
"MATIENZO, BENJAMIN,TTE.",,,,,
MATORRAS,,,,,
"MATORRAS de SAN MARTIN, GREGORIA",,,,,
"MATTEOTI, GIACOMO",,,,,
"MATURANA, JOSE DE",,,,,
MATURIN,,,,,
MAURE,,,,,
MAZA,,,,,
MBURUCUYA,,,,,
"MEANA, BENITO, Cnel.",,,,,
MEDANOS,,,,,
MEDEYROS,,,,,
MEDINA,,,,,
MEDRANO,,,,,
MELGAR,,,,,
MELIAN,,,,,
MELINCUE,,,,,
"MELO, CARLOS F.",,,,,
"MELO, Virrey",,,,,
MEMBRILLAR,,,,,
MENDEZ,,,,,
MENDEZ DE ANDES,,,,,
"MENDEZ, AGUSTIN",,,,,
"MENDEZ, NICANOR",,,,,
MENDOZA,,,,,
MENENDEZ Y PELAYO,,,,,
"MERCADER, EMIR",,,,,
MERCEDES,,,,,
METAN,,,,,
MEXICO,,,,,
MIGUEL ANGEL,,,,,
MIGUELETES,,,,,
MILAN,,,,,
MILLER,,,,,
MILTON,,,,,
MIÑOÑES,,,,,
MIRAFLORES,,,,,
MIRALLA,,,,,
MIRAMAR,,,,,
MIRANDA,,,,,
MIRAVE,,,,,
MIRIÑAY,,,,,
MIRO,,,,,
MISIONES,,,,,
"MISTRAL, GABRIELA",,,,,
MITRE EMILIO,,,,,
"MITRE, BARTOLOME",,,,,
MOCORETA,,,,,
MOCTEZUMA,,,,,
"MOHR, ALEJANDRO",,,,,
MOLDES,,,,,
MOLIERE,,,,,
MOLINA,,,,,
"MOLINA ARROTEA, CARLOS",,,,,
MOM,,,,,
MOMPOX,,,,,
MONACO,,,,,
MONASTERIO,,,,,
"MONNER SANS, RICARDO",,,,,
MONROE,,,,,
"MONTALVO, FERNANDO de",,,,,
MONTAÑESES,,,,,
MONTE,,,,,
MONTE DINERO,,,,,
MONTEAGUDO,,,,,
MONTENEGRO,,,,,
"MONTES DE OCA, MANUEL",,,,,
"MONTES, VICTORIANO E.",,,,,
MONTESQUIEU,,,,,
MONTEVIDEO,,,,,
MONTIEL,,,,,
MONTREAL,,,,,
"MONTT, PEDRO, PRES.",,,,,
"MORA FERNANDEZ, JUAN",,,,,
"MORAN, PEDRO",,,,,
"MOREAU DE JUSTO, ALICIA",,,,,
"MOREL, CARLOS",,,,,
MORELOS,,,,,
MORENO,,,,,
"MORENO, ENRIQUE B.",,,,,
"MORENO, JOSE MARIA",,,,,
"MORENO, PERITO",,,,,
MORETO,,,,,
MORLOTE,,,,,
MORON,,,,,
"MORRIS, WILLIAM C.",,,,,
MORSE,,,,,
"MOSCONI, GRAL.",,,,,
MOSCU,,,,,
MOZART,,,,,
"MUJICA, JOSE PIO",,,,,
MUÑECAS,,,,,
MUNICH,,,,,
MUÑIZ,,,,,
MURATURE,,,,,
MURCIA,,,,,
MURGUIONDO,,,,,
MURILLO,,,,,
MUTUALISMO,,,,,
"MUZILLI, CAROLINA",,,,,
NACIONES UNIDAS,,,,,
NAHUEL HUAPI,,,,,
NAMUNCURA,,,,,
ÑANDUTI,,,,,
"NAON, JUAN JOSE",,,,,
"NAON, ROMULO",,,,,
NAPOLES,,,,,
NATAL,,,,,
NAVARRO,,,,,
"NAVARRO VIOLA, MIGUEL",,,,,
NAZARRE,,,,,
NAZCA,,,,,
NECOCHEA,,,,,
NEPPER,,,,,
NEUQUEN,,,,,
NEVADA,,,,,
"NEWBERY, JORGE",,,,,
NEWTON,,,,,
NICARAGUA,,,,,
NIZA,,,,,
NOGOYA,,,,,
NORUEGA,,,,,
NUEVA YORK,,,,,
NUEVA ZELANDIA,,,,,
NUMANCIA,,,,,
NUNEZ,,,,,
"NUNEZ, ROBERTO",,,,,
OBARRIO MANUEL,,,,,
OBISPO SAN ALBERTO,,,,,
"OBLIGADO, RAFAEL, Av. Costanera",,,,,
O'BRIEN,,,,,
"OCAMPO, VICTORIA (PROL LAVALLE)",,,,,
OCEANIA,,,,,
"OCHOA, ENRIQUE",,,,,
O'GORMAN,,,,,
O'HIGGINS,,,,,
OHM,,,,,
"OLAGUER Y FELIU, VIRREY",,,,,
"OLASCOAGA, MANUEL JOSE, Cnel.",,,,,
OLAVARRIA,,,,,
"OLAVARRIETA, DIEGO de",,,,,
OLAYA,,,,,
OLAZABAL,,,,,
OLIDEN,,,,,
OLIVERA,,,,,
OLIVIERI,,,,,
OLIVOS,,,,,
OLLEROS,,,,,
"OLMOS, AMBROSIO",,,,,
"OLMOS, JUAN FRANCISCO",,,,,
OMBU,,,,,
ONCATIVO,,,,,
OPORTO,,,,,
"ORIGONE, MANUEL FELIX, TTE",,,,,
ORMA,,,,,
"OROÑO, NICASIO",,,,,
ORTEGA,,,,,
ORTEGA Y GASSET,,,,,
ORTIZ DE OCAMPO,,,,,
"ORTIZ DE ZARATE, RODRIGO",,,,,
"ORTIZ, CARLOS",,,,,
"ORTIZ, FRANCISCO J.",,,,,
"ORTIZ, ROBERTO M., Pres.",,,,,
ORURO,,,,,
OSAKA,,,,,
OSLO,,,,,
OSORIO,,,,,
OSTENDE,,,,,
OTAMENDI,,,,,
OTERO,,,,,
OTTAWA,,,,,
OWEN,,,,,
OZANAM FEDERICO,,,,,
PACHECO,,,,,
"PACHECO DE MELO, JOSE ANDRES",,,,,
PACINI DE ALVEAR REGINA (PROL TUCUMAN),,,,,
PADILLA,,,,,
"PADILLA, MANUEL",,,,,
PADRE CANAVERY,,,,,
PADRE CARLOS MUJICA,,,,,
PADRE ENRIQUE CONTARDI,,,,,
PADRE FAHY,,,,,
PADRE FEDERICO GROTE,,,,,
PADRE LAREDO,,,,,
PADRE M. L. MIGONE,,,,,
PADRE MONTES CARBALLO,,,,,
PADRE NEUMANN JUAN B.,,,,,
PAEZ,,,,,
"PAGANO, JOSE LEON",,,,,
"PAGOLA, Cnel.",,,,,
PAILEBOT DAVISON,,,,,
PAINE AIME,,,,,
"PALACIOS, ALFREDO L.",,,,,
PALESTINA,,,,,
"PALLIERE, JUAN LEON",,,,,
"PALMA, ATHOS",,,,,
PALMAR,,,,,
PALOS,,,,,
PALPA,,,,,
PANAMA,,,,,
PARACAS,,,,,
PARAGUAY,,,,,
PARANA,,,,,
PAREJA,,,,,
PARERA,,,,,
PARIS,,,,,
PARKER,,,,,
PAROISSIEN,,,,,
PARQUE,,,,,
PARRAL,,,,,
PASAJE A,,,,,
PASAJE B,,,,,
PASAJE C,,,,,
PASAJE D,,,,,
PASAJE E,,,,,
PASAJE F,,,,,
PASAJE G,,,,,
PASAJE H,,,,,
PASAJE I,,,,,
PASAJE J,,,,,
PASAJE K,,,,,
PASAJE NORTE,,,,,
PASAJE VALLE(ARGERICH 500),,,,,
PASCO,,,,,
PASEO COLON,,,,,
PASO,,,,,
PASO DE LOS LIBRES,,,,,
PASTEUR,,,,,
PATAGONES,,,,,
PATRICIAS  ARGENTINAS,,,,,
PATRON,,,,,
"PAULA Y RODRIGUEZ ALVES, JOSE DE",,,,,
PAUNERO,,,,,
PAVON,,,,,
"PAYRO, ROBERTO J.",,,,,
PAYSANDU,,,,,
PAZ SOLDAN,,,,,
"PAZ Y FIGUEROA, MARIA ANTONIA de la",,,,,
"PAZ, GRAL.",,,,,
"PAZ, JOSE C.",,,,,
"PAZ, MARCOS",,,,,
"PAZOS, JOSE",,,,,
PEDERNERA,,,,,
"PEDRAZA, MANUELA",,,,,
PEHUAJO,,,,,
PEIPING,,,,,
"PELLEGRINI, CARLOS",,,,,
"PELLEGRINI, CARLOS E.",,,,,
"PELUFFO, ANGEL",,,,,
PEÑA,,,,,
"PEÑA, DAVID, Dr.",,,,,
PEPIRI,,,,,
PERDRIEL,,,,,
PEREYRA,,,,,
PEREYRA LUCENA,,,,,
"PEREZ GALDOS, BENITO",,,,,
"PEREZ ROSALES, VICENTE",,,,,
"PEREZ, GREGORIA",,,,,
"PEREZ, JOAQUIN V., COMISARIO",,,,,
"PEREZ, JOSE JULIAN",,,,,
"PEREZ, ROQUE",,,,,
PERGAMINO,,,,,
PERIBEBUY,,,,,
PERNAMBUCO,,,,,
"PERON, EVA",,,,,
"PERON, JUAN DOMINGO, TTE.",,,,,
PERRAULT,,,,,
PERU,,,,,
PESCADORES,,,,,
PESTALOZZI,,,,,
PI Y MARGALL,,,,,
PICHEUTA,,,,,
PICHINCHA,,,,,
PICO,,,,,
PIEDRA BUENA,,,,,
PIEDRAS,,,,,
PIERES,,,,,
PILA,,,,,
PILAR,,,,,
PILCOMAYO,,,,,
PILLADO,,,,,
PINEDO,,,,,
"PINEDO, Int.",,,,,
"PINELO, LEON",,,,,
"PINO, Virrey del",,,,,
PINTO,,,,,
PINZON,,,,,
PIRAN,,,,,
PIROVANO,,,,,
"PISSARRO, VICTOR",,,,,
"PITTALUGA, EDUARDO, Dr.",,,,,
PIZARRO,,,,,
"PIZARRO, FRANCISCO",,,,,
PIZZURNO,,,,,
PJE (AV. ROCA 5100),,,,,
PJE (AV. ROCA 5400),,,,,
PJE (F.F.DE LA CRUZ 5200),,,,,
PJE (F.F.DE LA CRUZ 5300),,,,,
PJE (J.B. JUSTO 9100),,,,,
PJE (LARRAZABAL 4700),,,,,
PJE (MOZART 2300),,,,,
PJE.(ALT. BENEDETTI 170),,,,,
PJE.PART. (YERBAL 5949),,,,,
PJE.PART.(BALBOA 458),,,,,
PJE.PART.(RIVADAVIA 11080,,,,,
PLANES,,,,,
PLAZA,,,,,
"PLAZA, VICTORINO de la, Dr.",,,,,
PLUMERILLO,,,,,
PLUS ULTRA,,,,,
PLUTARCO,,,,,
"PODESTA, JOSE J.",,,,,
"PODESTA, PABLO",,,,,
POLA,,,,,
"POLIZA, PRACTICO",,,,,
POLONIA,,,,,
"POMAR, GREGORIO Tte. Cnel.",,,,,
"PONCE, ANIBAL",,,,,
"PORCEL DE PERALTA, MANUEL",,,,,
PORTELA,,,,,
PORTILLO,,,,,
PORTUGAL,,,,,
POSADAS,,,,,
"POSADAS, ALEJANDRO, Dr.",,,,,
POSTA,,,,,
POSTA DE HORNILLOS,,,,,
POTOSI,,,,,
PRAGA,,,,,
"PRELADO, DON BUENAVENTURA",,,,,
PRIMERA JUNTA,,,,,
"PRIMOLI, JUAN B.",,,,,
PRINGLES,,,,,
"PRINS, ENRIQUE",,,,,
PROMETEO,,,,,
PROVINCIAS UNIDAS,,,,,
"PRUDAN, MANUEL SILVESTRE,TTE.",,,,,
PUAN,,,,,
"PUCH, MANUEL, Gral",,,,,
PUENTE DEL INCA,,,,,
PUERTO PRINCIPE,,,,,
PUEYRREDON,,,,,
"PUEYRREDON, HONORIO, DR.",,,,,
"PUEYRREDON, PRILIDIANO",,,,,
PUJOL,,,,,
PUMACAHUA,,,,,
PUNA,,,,,
PUNTA ARENAS,,,,,
"PY, COMODORO",,,,,
"QUARTINO, JOSE N., ING.",,,,,
QUEBRACHO,,,,,
QUERANDIES,,,,,
QUEROL,,,,,
QUESADA,,,,,
QUEVEDO,,,,,
QUILMES,,,,,
"QUINQUELA MARTIN, BENITO",,,,,
QUINTANA,,,,,
"QUINTANA, JOSE DE LA",,,,,
"QUINTANA, MANUEL, PRES.",,,,,
"QUINTEROS, LIDORO J.",,,,,
QUIRNO,,,,,
"QUIRNO COSTA, NORBERTO, Dr.",,,,,
QUIROGA JUAN FACUNDO BRIG. GRAL.,,,,,
"QUIROGA, HORACIO",,,,,
QUIROS,,,,,
QUITO,,,,,
"RABANAL, FRANCISCO, INTENDENTE",,,,,
"RACEDO, EDUARDO, Tte. Gral.",,,,,
RAFAELA,,,,,
RAMALLO,,,,,
"RAMIREZ DE VELAZCO, JUAN",,,,,
"RAMIREZ, CARLOS M.",,,,,
"RAMIREZ, CEFERINO, COMODORO",,,,,
"RAMIREZ, EUGENIO",,,,,
RAMON Y CAJAL,,,,,
RAMOS MEJIA,,,,,
"RAMOS MEJIA, JOSE MARIA, DR.",,,,,
RAMSAY,,,,,
RANQUELES,,,,,
RASTREADOR FOURNIER,,,,,
RAUCH,,,,,
RAULET,,,,,
RAULIES,,,,,
"RAVIGNANI, EMILIO, Dr.",,,,,
RAWSON,,,,,
"RAWSON DE DELLEPIANE, ELVIRA",,,,,
RECONQUISTA,,,,,
RECUERDOS DE PROVINCIA,,,,,
"RECUERO, CASIMIRO, Tte. Cnel.",,,,,
REGIMIENTO DE PATRICIOS,,,,,
REMEDIOS,,,,,
RENACIMIENTO,,,,,
RENAN,,,,,
RENQUE CURA,,,,,
"REPETTO, NICOLAS, DR.",,,,,
REPUBLICA,,,,,
REPUBLICA ARABE-SIRIA,,,,,
REPUBLICA DE ESLOVENIA,,,,,
REPUBLICA DE INDONESIA,,,,,
REPUBLICA DE LA INDIA,,,,,
REPUBLICA DE SAN MARINO,,,,,
REPUBLICA DEL LIBANO,,,,,
REPUBLICA DOMINICANA,,,,,
RESERVISTAS ARGENTINOS,,,,,
RESURECCION,,,,,
"RICCHIERI, PABLO, Tte. Gral.",,,,,
"RICCIO, GUSTAVO",,,,,
"RICO, Cnel.",,,,,
RIESTRA,,,,,
RIGLOS,,,,,
RINCON,,,,,
RIO COLORADO,,,,,
RIO CUARTO,,,,,
RIO DE JANEIRO,,,,,
RIO GRANDE,,,,,
RIO LIMAY,,,,,
RIO NEGRO,,,,,
RIO PIEDRAS,,,,,
RIO SALADO,,,,,
RIOBAMBA,,,,,
RIVADAVIA,,,,,
"RIVADAVIA MARTIN, COMODORO",,,,,
"RIVAROLA, PANTALEON",,,,,
"RIVAROLA, RODOLFO, Dr.",,,,,
"RIVAS, Gral.",,,,,
"RIVAS, JOAQUIN, ALFEREZ DE",,,,,
RIVERA INDARTE,,,,,
"RIVERA, FRUCTUOSO, Gral.",,,,,
"RIVERA, PEDRO I., Dr.",,,,,
ROBERTSON,,,,,
"ROBLA, JUAN F., de la",,,,,
"ROCA, CNEL.",,,,,
"ROCA, JULIO A., Pres.",,,,,
ROCAMORA,,,,,
ROCHA,,,,,
"ROCHA, DARDO",,,,,
ROCHDALE,,,,,
RODNEY,,,,,
"RODO, JOSE E.",,,,,
RODRIGUEZ PENA,,,,,
"RODRIGUEZ, ALONSO",,,,,
"RODRIGUEZ, IGNACIO F.",,,,,
"RODRIGUEZ, MANUEL A., GRAL",,,,,
"RODRIGUEZ, MARTIN",,,,,
"RODRIGUEZ, PIO",,,,,
"ROENTGEN, Av.",,,,,
"ROFFO, ANGEL H., Dr.",,,,,
"ROGER, ENRIQUE, A., Avdor.",,,,,
"ROHDE, Cnel.",,,,,
ROJAS,,,,,
"ROJAS, DIEGO de",,,,,
"ROJAS, RICARDO, Dr.",,,,,
"ROLDAN, BELISARIO",,,,,
ROMA,,,,,
ROMERO,,,,,
"ROMERO, D.",,,,,
"ROMERO, EDUARDO, Sgto.",,,,,
"ROMERO, FRANCISCO",,,,,
RONDEAU,,,,,
ROOSEVELT FRANKLIN D.,,,,,
"ROSALES, Av.",,,,,
"ROSALES, CLAUDIO, CAPITAN",,,,,
ROSARIO,,,,,
ROSARIO DE LA FRONTERA,,,,,
ROSETI,,,,,
"ROUSSEAU, JUAN J.",,,,,
RUBENS,,,,,
"RUCCI, JOSE IGNACIO",,,,,
RUFINO,,,,,
"RUGGIERI, SILVIO L.",,,,,
RUIZ DE LOS LLANOS,,,,,
RUIZ HUIDOBRO,,,,,
RUMANIA,,,,,
RUSIA,,,,,
RUSSEL,,,,,
RUY DIAZ DE GUZMAN,,,,,
SAAVEDRA,,,,,
SAENZ,,,,,
"SAENZ PENA, LUIS, PRES.",,,,,
"SAENZ PENA, ROQUE, PRES.",,,,,
"SAENZ VALIENTE, ANSELMO",,,,,
"SAENZ VALIENTE, JUAN PABLO",,,,,
"SAENZ, MANUELA",,,,,
"SAGASTA ISLA, JOSE MARIA",,,,,
"SALA, CANDIDO DE LA, TTE.",,,,,
SALADILLO,,,,,
SALALA,,,,,
SALAS,,,,,
SALCEDO,,,,,
SALDIAS ADOLFO,,,,,
"SALGUERO, JERONIMO",,,,,
"SALMUN FEIJOO, JOSE AARON",,,,,
SALOM,,,,,
SALOTTI MARTHA,,,,,
SALTA,,,,,
SALTO,,,,,
"SALVADORES, Cnel.",,,,,
SALVIGNY,,,,,
"SAMPERIO, MANUEL J.",,,,,
SAN ANTONIO,,,,,
SAN ANTONIO DE ARECO,,,,,
SAN BENITO DE PALERMO,,,,,
SAN BLAS,,,,,
SAN CARLOS,,,,,
SAN FRANCISCO,,,,,
SAN FRANCISCO DE ASIS,,,,,
"SAN GINES, MANUEL DE",,,,,
SAN IGNACIO,,,,,
SAN IRENEO,,,,,
SAN ISIDRO LABRADOR,,,,,
SAN JOSE,,,,,
SAN JOSE DE CALASANZ,,,,,
SAN JUAN,,,,,
SAN JUAN BAUTISTA DE LA SALLE,,,,,
SAN LORENZO,,,,,
SAN LUIS,,,,,
SAN MARTIN,,,,,
SAN MARTIN DE TOURS,,,,,
SAN MATEO,,,,,
SAN NICOLAS,,,,,
SAN PEDRITO,,,,,
SAN PEDRO,,,,,
SAN RICARDO,,,,,
SAN SEBASTIAN,,,,,
SANABRIA,,,,,
SANCHEZ,,,,,
SANCHEZ DE BUSTAMANTE,,,,,
SANCHEZ DE LORIA,,,,,
"SANCHEZ DE THOMPSON, MARIQUITA",,,,,
SANLUCAR DE BARRAMEDA,,,,,
SANTA CATALINA,,,,,
SANTA CRUZ,,,,,
SANTA ELENA,,,,,
SANTA FE,,,,,
SANTA MAGDALENA,,,,,
SANTA MARIA DEL BUEN AIRE,,,,,
SANTA ROSA,,,,,
SANTA TERESA,,,,,
SANTANDER,,,,,
"SANTI MIGUEL, Soldado Archivista",,,,,
SANTIAGO DE CHILE,,,,,
SANTIAGO DE COMPOSTELA,,,,,
SANTIAGO DEL ESTERO,,,,,
SANTO DOMINGO,,,,,
SANTO TOME,,,,,
SANTOS VEGA,,,,,
SARACHAGA,,,,,
SARANDI,,,,,
SARAVIA,,,,,
SARAZA,,,,,
SARMIENTO,,,,,
"SASTRE, MARCOS",,,,,
"SAVIO, MANUEL N., GRAL.",,,,,
SAYOS,,,,,
"SCALABRINI ORTIZ, RAUL",,,,,
"SCAPINO, RODOLFO",,,,,
"SCHIAFFINO, EDUARDO",,,,,
"SCHMIDL, ULRICO",,,,,
"SEGUI, F. J., ALTE.",,,,,
"SEGUI, JUAN FRANCISCO",,,,,
"SEGUIN, MARCOS",,,,,
SEGUROLA,,,,,
SENILLOSA,,,,,
SERRANO,,,,,
SERVET,,,,,
SEVILLA,,,,,
SHAKESPEARE,,,,,
SHANGHAI,,,,,
SIERRA GRANDE,,,,,
SILVA CAYETANO A.,,,,,
SIMBRON,,,,,
SIN NOMBRE OFICIAL,,,,,
SINCLAIR,,,,,
"SIVORI, EDUARDO",,,,,
SNO (ALT CASTAÑARES 4595),,,,,
SNO (ALT CASTAÑARES 4653),,,,,
SNO (ALT CASTAÑARES 4719),,,,,
SNO (ALT CASTAÑARES 4951),,,,,
SNO (ALT DELLEPIANE 4886),,,,,
SNO (ALT DELLEPIANE 4990),,,,,
SNO (ALT ESCALADA 2789 S),,,,,
SNO (ALT MIN. BRIN 400),,,,,
SNO (ALT MOZART 2700),,,,,
SNO (ALT NECOCHEA 100),,,,,
SNO (ALT NECOCHEA 200),,,,,
SNO (ALT SARAZA 4300),,,,,
SNO (ALT. CHORROARÍN 301),,,,,
SNO (ALT. EDISON 2700),,,,,
SNO (ALT. FONROUGE 4400),,,,,
SNO (ALT.IRALA 100),,,,,
SNO (AV. COREA AL 1800),,,,,
SNO (SALE G.URIBURU 5865),,,,,
SNO ALT.VERA PEÑALOZA 300,,,,,
SNO ALT.VERA PEÑALOZA 600,,,,,
SNO(ALT PI Y MARGALL 900),,,,,
SNO(ALT.AV.BROWN AL 300),,,,,
SNO(ALT.AV.COREA AL 1900),,,,,
SNO(ALT.CNEL.ROCA 4677),,,,,
SNO(ALT.CNEL.ROCA 5000),,,,,
SNO(ALT.E.PERON AL 6550),,,,,
SNO(ALT.E.PERON AL 6600),,,,,
SNO(ALT.ESCALADA AL 4500),,,,,
SNO(ALT.ESCALADA AL 4600),,,,,
SNO(ALT.ESCALADA AL 4700),,,,,
SNO(ALT.L.A.HERRERA 3400),,,,,
SNO(ALT.L.P.BUENA 3200),,,,,
SNO(ALT.LACARRA AL 2800),,,,,
SNO(ALT.LARRAZABAL 4600),,,,,
SNO(ALT.LARRAZABAL 4700),,,,,
SNO(ALT.LARRAZABAL 4800),,,,,
SNO(ALT.LARRAZABAL 5200),,,,,
SNO(ALT.LARRAZABAL 5230),,,,,
SNO(ALT.LARRAZABAL 5260),,,,,
SNO(ALT.LARRAZABAL 5270),,,,,
SNO(ALT.SARAZA AL 4200),,,,,
SNO(AV. CNEL. ROCA 5437),,,,,
SNO(AV.CNEL. ROCA 5300),,,,,
SOFIA,,,,,
"SOLA, MANUEL",,,,,
"SOLANO LOPEZ, F., MARISCAL",,,,,
SOLDADO DE LA FRONTERA,,,,,
SOLDADO DE LA INDEPENDENCIA,,,,,
SOLER,,,,,
"SOLIER, DANIEL de, Alte.",,,,,
SOLIS,,,,,
"SOLORZANO PEREIRA, JUAN DE",,,,,
SOMELLERA,,,,,
SORIA,,,,,
SORIA EZEQUIEL,,,,,
"SOURIGUES, CARLOS, Cnel.",,,,,
SPEGAZZINI CARLOS,,,,,
SPIKA ENRIQUE GRAL.,,,,,
"SPIRO, SAMUEL, CAPITAN",,,,,
STEPHENSON,,,,,
STORNI ALFONSINA,,,,,
SUAREZ,,,,,
"SUAREZ, JOSE LEON",,,,,
"SUAREZ, JUSTO ANTONIO",,,,,
"SUCRE, ANTONIO JOSE de, Mcal.",,,,,
SUD AMERICA,,,,,
SUECIA,,,,,
SUIPACHA,,,,,
SUIZA,,,,,
SUMACA ITATI,,,,,
SUMACA SANTISIMA TRINIDAD,,,,,
SUNCHALES,,,,,
SUPERI,,,,,
"SUSINI, ANTONIO, Cnel.",,,,,
TABARE,,,,,
"TABORDA, DIOGENES",,,,,
TACUARA,,,,,
TACUARI,,,,,
TAFI,,,,,
TAGLE,,,,,
TALAVERA,,,,,
TALCAHUANO,,,,,
"TAMBORINI, JOSE PASCUAL",,,,,
TANDIL,,,,,
TAPALQUE,,,,,
TARIJA,,,,,
TARTAGAL PJE.,,,,,
TASSO,,,,,
"TEDIN, JUEZ",,,,,
TEGUCIGALPA,,,,,
TEJEDOR,,,,,
TEMPERLEY,,,,,
TERRADA,,,,,
TERRERO,,,,,
"TERRY, JOSE A.",,,,,
THAMES,,,,,
THOME JUAN M.,,,,,
THOMPSON,,,,,
THORNE,,,,,
TIERRA DEL FUEGO,,,,,
TILCARA,,,,,
TIMBO,,,,,
TIMBUES,,,,,
TINOGASTA,,,,,
TOAY,,,,,
TOBAS,,,,,
TOKIO,,,,,
TOLEDO,,,,,
TOLL,,,,,
TONELERO,,,,,
"TORNQUIST, ERNESTO",,,,,
TORRENT,,,,,
"TORRES Y TENORIO, CAMILO, Pres.",,,,,
TOSCANINI ARTURO,,,,,
TOTORAL,,,,,
TRAFUL,,,,,
TREINTA Y TRES ORIENTALES,,,,,
TREJO NEMESIO,,,,,
"TRELLES, MANUEL R.",,,,,
TRENQUE LAUQUEN,,,,,
TRES ARROYOS,,,,,
TRES LOMAS,,,,,
TRES SARGENTOS,,,,,
TREVERIS,,,,,
"TRIANA, RODRIGO de",,,,,
TRIESTE,,,,,
TRIPOLI,,,,,
TRIUNVIRATO,,,,,
"TROILO, ANIBAL",,,,,
TROLE,,,,,
TRONADOR,,,,,
"TROXLER, JULIO",,,,,
TUCUMAN,,,,,
TUNEZ,,,,,
TUPAC AMARU,,,,,
TUPIZA PJE.,,,,,
TURIN,,,,,
TURQUIA,,,,,
TUYU,,,,,
TUYUTI,,,,,
UCACHA,,,,,
"UDAONDO, GUILLERMO",,,,,
"UGARTE, MANUEL",,,,,
UGARTECHE,,,,,
UKRANIA,,,,,
"UNAMUNO, MIGUEL de",,,,,
UNANUE,,,,,
"UNQUERA, BALTASAR de",,,,,
URDANETA,,,,,
URDININEA,,,,,
URIARTE,,,,,
URIBURU,,,,,
"URIBURU JOSE E., Pres.",,,,,
"URIBURU, NAPOLEON, GRAL.",,,,,
URIEN,,,,,
"URQUIZA, Gral.",,,,,
URTUBEY CLODOMIRO CDRO.,,,,,
URUGUAY,,,,,
URUNDAY,,,,,
USHUAIA PASAJE,,,,,
USPALLATA,,,,,
"UZAL, FRANCISCO de",,,,,
VALDENEGRO,,,,,
VALDERRAMA,,,,,
"VALDIVIA, PEDRO de",,,,,
VALENCIA,,,,,
"VALENCIA, TOMAS",,,,,
VALLE,,,,,
"VALLE IBERLUCEA del, Dr.",,,,,
"VALLE, ARISTOBULO DEL",,,,,
"VALLE, J.J., GRAL. DIV.",,,,,
"VALLE, MARIA R. DEL",,,,,
VALLEJOS,,,,,
"VALLESE, FELIPE",,,,,
VALPARAISO,,,,,
"VARAS, JOSE PEDRO",,,,,
VARELA,,,,,
"VARELA, JACOBO ADRIAN",,,,,
"VARELA, JOSE PEDRO",,,,,
VARSOVIA,,,,,
"VAZ FERREIRA, CARLOS, Dr.",,,,,
VEDIA,,,,,
"VEDIA, AGUSTIN DE",,,,,
"VEDIA, ENRIQUE de",,,,,
VEGA BELGRANO CARLOS,,,,,
"VEGA, NICETO, Cnel.",,,,,
"VEGA, VENTURA de la",,,,,
"VELARDE, PEDRO",,,,,
VELAZQUEZ,,,,,
VELEZ SARSFIELD,,,,,
"VELEZ, BERNARDO, DR.",,,,,
VENECIA,,,,,
VENEZUELA,,,,,
VENIALVO,,,,,
VENTANA,,,,,
VERA,,,,,
"VERA PENALOZA, ROSARIO",,,,,
VERACRUZ,,,,,
VERDAGUER JACINTO,,,,,
"VERDI, JOSE",,,,,
VERNET,,,,,
VERTIZ VIRREY,,,,,
VESPUCIO,,,,,
"VIALE, LUIS",,,,,
VIAMONTE,,,,,
"VICTORICA, B., GRAL.",,,,,
"VICTORICA, MIGUEL C.",,,,,
VIDAL,,,,,
VIDAL EMERIC E.,,,,,
VIDELA CASTILLO,,,,,
"VIDELA, NICOLAS E.",,,,,
VIDT,,,,,
"VIEDMA, FRANCISCO de",,,,,
VIEJOBUENO,,,,,
VIEL,,,,,
VIENA,,,,,
VIEYRA,,,,,
VIEYTES,,,,,
VIGO,,,,,
"VILA, NICOLAS",,,,,
"VILARDEBO, TEODORO",,,,,
VILELA,,,,,
VILLA DE MASNOU,,,,,
VILLA JUNCAL,,,,,
"VILLAFANE, BENJAMIN",,,,,
"VILLAFAÑE, WENCESLAO",,,,,
"VILLAFLOR, AZUCENA",,,,,
VILLANUEVA,,,,,
VILLARINO,,,,,
VILLARROEL,,,,,
"VILLEGAS, CONRADO, Gral.",,,,,
VINCHINA,,,,,
"VINTTER, LORENZO, Gral.",,,,,
VIRASORO,,,,,
"VIRASORO, VALENTIN",,,,,
VIRGILIO,,,,,
VIRREYES,,,,,
VITTORIA FRANCISCO de,,,,,
VOLTA,,,,,
VOLTAIRE,,,,,
"VUCETICH, JUAN",,,,,
VUELTA DE OBLIGADO,,,,,
WAGNER,,,,,
WARNES,,,,,
WASHINGTON,,,,,
WHITE,,,,,
WILDE EDUARDO PJE.,,,,,
"WILLIAMS, ALBERTO",,,,,
YAPEYU,,,,,
YATAY,,,,,
YERBAL,,,,,
YERUA,,,,,
"YRIGOYEN, HIPOLITO",,,,,
YRUPE,,,,,
"YRURTIA, ROGELIO",,,,,
YUGOESLAVIA,,,,,
ZABALA,,,,,
ZADO,,,,,
ZALDIVAR PEDRO F.,,,,,
ZAMUDIO,,,,,
ZANARTU,,,,,
ZANNI PEDRO COMODORO,,,,,
ZAPALA,,,,,
ZAPATA,,,,,
ZAPIOLA,,,,,
ZARATE,,,,,
ZARRAGA,,,,,
ZAVALETA,,,,,
ZAVALIA,,,,,
"ZEBALLOS, ESTANISLAO S.",,,,,
ZELADA,,,,,
ZELARRAYAN,,,,,
ZELAYA,,,,,
ZENTENO,,,,,
ZEPITA,,,,,
ZINNY,,,,,
"ZOLA, EMILIO",,,,,
"ZOLEZZI, ANTONIO L.",,,,,
"ZONZA BRIANO, PEDRO",,,,,
"ZUBERBUHLER, CARLOS E.",,,,,
ZURICH,,,,,
ZUVIRIA,,,,,
